speakerID,sex,age,lang,frequency,word,vowel,duration
1,F,7,English,0.375875,word4,schwa,-1.153180224
1,F,7,English,-1.324125,word6,schwa,-1.022247168
1,F,7,English,-0.624125,word11,schwa,-1.02056325
1,F,7,English,-1.624125,word5,ae,-0.984019408
1,F,7,English,-1.524125,word2,schwa,-0.961403507
1,F,7,English,-0.324125,word9,schwa,-0.891914887
1,F,7,English,-1.224125,word3,schwa,-0.872269843
1,F,7,English,-1.424125,word1,schwa,-0.820559616
1,F,7,English,-1.524125,word2,schwa,-0.705619109
1,F,7,English,-1.624125,word5,ae,-0.698377158
1,F,7,English,-1.524125,word2,schwa,-0.68271239
1,F,7,English,-1.324125,word6,ae,-0.656064864
1,F,7,English,-1.424125,word1,schwa,-0.5866235
1,F,7,English,-1.424125,word1,ae,-0.571555702
1,F,7,English,-1.824125,word12,ae,-0.562727635
1,F,7,English,-2.024125,word10,ae,-0.479870027
1,F,7,English,-1.724125,word7,ae,-0.359618578
1,F,7,English,-1.124125,word8,ae,-0.359410709
1,F,7,English,-1.524125,word2,ae,-0.35000069
1,F,7,English,-1.524125,word2,ae,-0.121023614
2,F,6,English,-0.524125,word15,schwa,-1.081176965
2,F,6,English,-1.224125,word3,ae,-1.050942669
2,F,6,English,-1.224125,word3,schwa,-0.988266072
2,F,6,English,-0.824125,word14,schwa,-0.868854379
2,F,6,English,-1.524125,word2,schwa,-0.865148759
2,F,6,English,-1.224125,word3,schwa,-0.855383654
2,F,6,English,-1.024125,word16,schwa,-0.844581342
2,F,6,English,-0.624125,word11,ae,-0.794555121
2,F,6,English,-1.424125,word1,schwa,-0.735000334
2,F,6,English,-1.624125,word5,schwa,-0.729530408
2,F,6,English,-1.124125,word8,ae,-0.667626998
2,F,6,English,-0.724125,word13,ae,-0.6625964
2,F,6,English,-1.524125,word2,schwa,-0.641201012
2,F,6,English,-1.324125,word6,ae,-0.613278958
2,F,6,English,-0.724125,word13,schwa,-0.585019187
2,F,6,English,-1.624125,word5,ae,-0.571848637
2,F,6,English,-0.624125,word11,ae,-0.555738218
2,F,6,English,-0.424125,word17,ae,-0.406138509
2,F,6,English,-1.224125,word3,ae,-0.266589398
2,F,6,English,-1.524125,word2,ae,-0.242745817
3,F,6,English,-0.124125,word18,schwa,-1.02731251
3,F,6,English,-0.124125,word18,schwa,-0.879039809
3,F,6,English,-0.624125,word11,schwa,-0.832178186
3,F,6,English,-0.424125,word17,schwa,-0.628789944
3,F,6,English,-0.924125,word19,schwa,-0.583843916
3,F,6,English,-0.424125,word17,schwa,-0.580871878
3,F,6,English,-0.324125,word9,ae,-0.553122857
3,F,6,English,-0.424125,word17,ae,-0.474964626
3,F,6,English,-0.724125,word13,schwa,-0.46843234
3,F,6,English,-0.424125,word17,schwa,-0.429272082
3,F,6,English,-0.824125,word14,schwa,-0.42443555
3,F,6,English,-0.524125,word15,schwa,-0.370566086
3,F,6,English,-1.524125,word2,ae,-0.274714983
3,F,6,English,-1.424125,word1,ae,-0.258764591
3,F,6,English,-1.224125,word3,ae,-0.177542256
3,F,6,English,-0.724125,word13,ae,-0.113679501
3,F,6,English,-1.524125,word2,ae,-0.036141297
3,F,6,English,-0.624125,word11,ae,0.002185645
3,F,6,English,-1.624125,word5,ae,0.44362385
3,F,6,English,-2.024125,word10,ae,0.453583456
4,F,8,English,0.075875,word21,ae,-0.774403697
4,F,8,English,-0.824125,word14,schwa,-0.76409747
4,F,8,English,-0.624125,word11,ae,-0.615942801
4,F,8,English,-0.424125,word17,schwa,-0.517294159
4,F,8,English,0.275875,word22,schwa,-0.515811493
4,F,8,English,-0.624125,word11,schwa,-0.509300377
4,F,8,English,-0.624125,word11,schwa,-0.434986093
4,F,8,English,-1.224125,word3,schwa,-0.401845528
4,F,8,English,-0.424125,word17,schwa,-0.342355355
4,F,8,English,0.175875,word20,ae,-0.339297783
4,F,8,English,-0.824125,word14,schwa,-0.331054541
4,F,8,English,-0.324125,word9,ae,-0.307440975
4,F,8,English,-0.124125,word18,schwa,-0.251423659
4,F,8,English,-0.524125,word15,schwa,-0.249772702
4,F,8,English,-0.624125,word11,ae,-0.220364325
4,F,8,English,-0.824125,word14,ae,-0.119445921
4,F,8,English,0.075875,word21,ae,-0.097464305
4,F,8,English,-0.624125,word11,ae,-0.062840905
4,F,8,English,-0.324125,word9,ae,-0.0219788
4,F,8,English,-0.924125,word19,ae,0.051120052
5,F,10,English,-0.324125,word9,schwa,-0.436896629
5,F,10,English,-0.624125,word11,schwa,-0.311810202
5,F,10,English,0.575875,word25,schwa,-0.292810713
5,F,10,English,0.575875,word25,schwa,-0.233846924
5,F,10,English,0.375875,word4,schwa,-0.227240854
5,F,10,English,0.775875,word28,schwa,-0.160045583
5,F,10,English,-0.524125,word15,ae,-0.156833254
5,F,10,English,0.375875,word4,ae,-0.140207742
5,F,10,English,0.575875,word25,ae,-0.110023193
5,F,10,English,-0.524125,word15,schwa,-0.110005196
5,F,10,English,-0.124125,word18,schwa,-0.109353409
5,F,10,English,0.475875,word27,schwa,-0.07629949
5,F,10,English,-0.324125,word9,ae,0.138802899
5,F,10,English,-0.124125,word18,schwa,0.178040213
5,F,10,English,0.375875,word4,ae,0.207337947
5,F,10,English,-0.224125,word26,ae,0.22108905
5,F,10,English,-1.424125,word1,ae,0.238511103
5,F,10,English,0.675875,word23,ae,0.256117552
5,F,10,English,-0.024125,word24,ae,0.295977449
5,F,10,English,0.175875,word20,ae,0.301482551
6,M,7,English,0.975875,word29,ae,-0.813409
6,M,7,English,0.975875,word29,schwa,-0.64768222
6,M,7,English,0.775875,word28,schwa,-0.354627025
6,M,7,English,0.075875,word21,schwa,-0.344000091
6,M,7,English,0.475875,word27,schwa,-0.337985814
6,M,7,English,0.475875,word27,schwa,-0.333948388
6,M,7,English,-0.524125,word15,schwa,-0.246930855
6,M,7,English,0.675875,word23,schwa,-0.169046244
6,M,7,English,0.575875,word25,schwa,-0.15687856
6,M,7,English,0.575875,word25,ae,-0.079920934
6,M,7,English,0.475875,word27,ae,-0.005406435
6,M,7,English,0.175875,word20,ae,0.091900796
6,M,7,English,-0.424125,word17,ae,0.115814963
6,M,7,English,0.275875,word22,schwa,0.144115246
6,M,7,English,-0.124125,word18,ae,0.157308736
6,M,7,English,0.475875,word27,schwa,0.194017558
6,M,7,English,-0.724125,word13,ae,0.232413793
6,M,7,English,-0.324125,word9,ae,0.249298151
6,M,7,English,-0.224125,word26,ae,0.343902228
6,M,7,English,-0.524125,word15,ae,0.381667773
7,M,8,English,1.575875,word32,schwa,-0.650964201
7,M,8,English,1.175875,word30,schwa,-0.49349695
7,M,8,English,0.075875,word21,schwa,-0.464640169
7,M,8,English,0.175875,word20,schwa,-0.335403377
7,M,8,English,0.475875,word27,ae,-0.325688836
7,M,8,English,0.375875,word4,schwa,-0.323396016
7,M,8,English,0.975875,word29,schwa,-0.26071118
7,M,8,English,0.475875,word27,ae,-0.214771996
7,M,8,English,-0.124125,word18,schwa,-0.182761202
7,M,8,English,0.675875,word23,ae,-0.156652763
7,M,8,English,0.775875,word28,ae,-0.141182454
7,M,8,English,0.875875,word31,ae,-0.101252611
7,M,8,English,1.075875,word33,ae,-0.053647031
7,M,8,English,0.575875,word25,schwa,-0.026746435
7,M,8,English,0.275875,word22,ae,0.013133995
7,M,8,English,-0.024125,word24,schwa,0.021519919
7,M,8,English,0.775875,word28,ae,0.051270713
7,M,8,English,0.975875,word29,ae,0.112506161
7,M,8,English,0.875875,word31,schwa,0.192514553
7,M,8,English,0.375875,word4,ae,0.23176011
8,M,10,English,0.875875,word31,schwa,-0.833358995
8,M,10,English,1.175875,word30,schwa,-0.575054432
8,M,10,English,-0.424125,word17,schwa,-0.502010888
8,M,10,English,1.975875,word34,schwa,-0.472216139
8,M,10,English,1.475875,word35,schwa,-0.421041694
8,M,10,English,0.975875,word29,schwa,-0.40190202
8,M,10,English,1.275875,word36,schwa,-0.32822269
8,M,10,English,0.775875,word28,ae,-0.288815102
8,M,10,English,0.575875,word25,schwa,-0.287875297
8,M,10,English,0.975875,word29,ae,-0.266805924
8,M,10,English,1.575875,word32,schwa,-0.158286193
8,M,10,English,0.875875,word31,ae,-0.138139608
8,M,10,English,0.575875,word25,schwa,-0.123682036
8,M,10,English,0.475875,word27,ae,-0.096720993
8,M,10,English,0.875875,word31,ae,-0.086021187
8,M,10,English,-0.024125,word24,ae,-0.034269825
8,M,10,English,-0.424125,word17,ae,-0.005154302
8,M,10,English,0.875875,word31,ae,0.035632827
8,M,10,English,0.575875,word25,ae,0.0531399
8,M,10,English,0.175875,word20,ae,0.147870775
9,M,6,English,1.075875,word33,schwa,-0.389277853
9,M,6,English,1.275875,word36,ae,-0.326833566
9,M,6,English,0.475875,word27,schwa,-0.312679098
9,M,6,English,1.375875,word37,schwa,-0.30995469
9,M,6,English,0.875875,word31,schwa,-0.25178275
9,M,6,English,1.575875,word32,schwa,-0.202806148
9,M,6,English,1.275875,word36,schwa,-0.121998685
9,M,6,English,1.675875,word38,ae,-0.059067356
9,M,6,English,1.075875,word33,schwa,0.00076606
9,M,6,English,0.875875,word31,schwa,0.004921496
9,M,6,English,1.375875,word37,schwa,0.015848343
9,M,6,English,0.975875,word29,ae,0.025696115
9,M,6,English,1.275875,word36,ae,0.036025168
9,M,6,English,1.375875,word37,schwa,0.072266534
9,M,6,English,1.675875,word38,ae,0.090450316
9,M,6,English,0.675875,word23,ae,0.175360916
9,M,6,English,1.575875,word32,ae,0.246886696
9,M,6,English,0.775875,word28,ae,0.285283422
9,M,6,English,0.975875,word29,ae,0.307628177
9,M,6,English,0.575875,word25,ae,0.412996852
10,M,5,English,1.375875,word37,schwa,0.610339787
10,M,5,English,1.675875,word38,schwa,0.778132351
10,M,5,English,1.475875,word35,schwa,0.860081716
10,M,5,English,0.675875,word23,schwa,0.896494858
10,M,5,English,1.475875,word35,schwa,1.006591504
10,M,5,English,1.275875,word36,schwa,1.030536864
10,M,5,English,1.175875,word30,schwa,1.060738593
10,M,5,English,1.875875,word39,ae,1.071649534
10,M,5,English,2.075875,word40,schwa,1.109491349
10,M,5,English,1.875875,word39,schwa,1.112823844
10,M,5,English,1.275875,word36,schwa,1.165977926
10,M,5,English,1.475875,word35,ae,1.200026321
10,M,5,English,0.775875,word28,ae,1.254175713
10,M,5,English,0.675875,word23,ae,1.352230466
10,M,5,English,1.075875,word33,ae,1.373056238
10,M,5,English,0.875875,word31,ae,1.386962255
10,M,5,English,1.975875,word34,ae,1.393176515
10,M,5,English,2.175875,word41,ae,1.408826358
10,M,5,English,0.475875,word27,ae,1.424024719
10,M,5,English,-0.024125,word24,ae,1.44635651
11,F,9,French,-1.524125,word2,schwa,-1.294339393
11,F,9,French,-0.924125,word19,schwa,-1.21236405
11,F,9,French,-1.124125,word8,schwa,-1.045639153
11,F,9,French,-1.824125,word12,schwa,-0.935377141
11,F,9,French,-0.224125,word26,schwa,-0.933507949
11,F,9,French,-1.224125,word3,ae,-0.922684092
11,F,9,French,-1.324125,word6,schwa,-0.901066478
11,F,9,French,-1.124125,word8,schwa,-0.879660221
11,F,9,French,-1.324125,word6,schwa,-0.857631483
11,F,9,French,-1.324125,word6,ae,-0.81879984
11,F,9,French,-1.524125,word2,schwa,-0.808944238
11,F,9,French,-1.924125,word43,schwa,-0.73017468
11,F,9,French,-1.224125,word3,ae,-0.725136563
11,F,9,French,-1.324125,word6,ae,-0.69077477
11,F,9,French,-0.724125,word13,ae,-0.683857977
11,F,9,French,-1.724125,word7,ae,-0.652404109
11,F,9,French,-1.124125,word8,ae,-0.551597282
11,F,9,French,-2.224125,word42,ae,-0.539092685
11,F,9,French,-1.524125,word2,ae,-0.404304362
11,F,9,French,-1.324125,word6,ae,-0.365481492
12,F,6,French,0.175875,word20,schwa,-0.771813044
12,F,6,French,-0.824125,word14,schwa,-0.671052239
12,F,6,French,-1.024125,word16,schwa,-0.544355785
12,F,6,French,-0.924125,word19,schwa,-0.542425102
12,F,6,French,-0.424125,word17,schwa,-0.504619503
12,F,6,French,-0.724125,word13,schwa,-0.303421027
12,F,6,French,-1.024125,word16,schwa,-0.270610301
12,F,6,French,-0.924125,word19,schwa,-0.249964416
12,F,6,French,-1.324125,word6,ae,-0.171743146
12,F,6,French,-1.024125,word16,ae,-0.155301245
12,F,6,French,-0.924125,word19,schwa,-0.135148806
12,F,6,French,-0.724125,word13,ae,-0.09409443
12,F,6,French,-1.724125,word7,schwa,-0.022914649
12,F,6,French,-1.224125,word3,ae,0.030707373
12,F,6,French,-1.224125,word3,ae,0.040888769
12,F,6,French,-1.524125,word2,ae,0.057838462
12,F,6,French,-0.924125,word19,ae,0.060538841
12,F,6,French,-1.624125,word5,ae,0.261993035
12,F,6,French,-1.224125,word3,ae,0.280629788
12,F,6,French,-1.324125,word6,ae,0.420157914
13,F,7,French,-0.024125,word24,schwa,-1.231170506
13,F,7,French,-0.224125,word26,ae,-0.824577118
13,F,7,French,-0.024125,word24,schwa,-0.814311284
13,F,7,French,-0.324125,word9,schwa,-0.785479119
13,F,7,French,-0.424125,word17,ae,-0.614211886
13,F,7,French,-0.024125,word24,schwa,-0.576801251
13,F,7,French,-0.524125,word15,schwa,-0.506256957
13,F,7,French,-0.724125,word13,schwa,-0.44665054
13,F,7,French,-0.824125,word14,schwa,-0.288821456
13,F,7,French,-0.824125,word14,ae,-0.268204371
13,F,7,French,-0.924125,word19,schwa,-0.238485556
13,F,7,French,-0.724125,word13,schwa,-0.079931371
13,F,7,French,-0.424125,word17,ae,0.048092497
13,F,7,French,-0.924125,word19,schwa,0.081126968
13,F,7,French,-0.824125,word14,ae,0.102720948
13,F,7,French,-1.224125,word3,ae,0.133062471
13,F,7,French,-1.024125,word16,ae,0.180526035
13,F,7,French,-1.124125,word8,ae,0.226713514
13,F,7,French,-1.424125,word1,ae,0.336723567
13,F,7,French,-1.524125,word2,ae,0.862917888
14,F,8,French,-0.024125,word24,ae,-0.912591673
14,F,8,French,0.075875,word21,schwa,-0.518173926
14,F,8,French,-0.524125,word15,schwa,-0.461551354
14,F,8,French,-1.024125,word16,ae,-0.389854894
14,F,8,French,-0.124125,word18,schwa,-0.360110612
14,F,8,French,-0.324125,word9,schwa,-0.321446323
14,F,8,French,-0.424125,word17,ae,-0.315633603
14,F,8,French,-0.924125,word19,schwa,-0.310151509
14,F,8,French,-0.924125,word19,ae,-0.234443339
14,F,8,French,0.675875,word23,schwa,-0.1644303
14,F,8,French,-0.324125,word9,schwa,-0.121098739
14,F,8,French,-0.324125,word9,schwa,-0.09047078
14,F,8,French,-1.324125,word6,ae,-0.086417453
14,F,8,French,-0.224125,word26,schwa,-0.063968128
14,F,8,French,-0.524125,word15,ae,-0.056198747
14,F,8,French,-0.624125,word11,schwa,-0.02533636
14,F,8,French,-1.124125,word8,ae,-0.024639218
14,F,8,French,-1.124125,word8,ae,0.024952126
14,F,8,French,-0.524125,word15,ae,0.085060931
14,F,8,French,-0.924125,word19,ae,0.141078937
15,F,7,French,0.575875,word25,ae,-0.620688763
15,F,7,French,-0.024125,word24,schwa,-0.349035455
15,F,7,French,0.275875,word22,schwa,-0.284403637
15,F,7,French,-0.524125,word15,schwa,-0.261047022
15,F,7,French,-0.024125,word24,schwa,-0.222916597
15,F,7,French,0.575875,word25,schwa,-0.179972499
15,F,7,French,0.575875,word25,schwa,-0.126589077
15,F,7,French,-0.324125,word9,ae,-0.102226257
15,F,7,French,0.175875,word20,schwa,-0.080366106
15,F,7,French,-0.624125,word11,schwa,-0.03130037
15,F,7,French,0.275875,word22,ae,-0.018944957
15,F,7,French,0.075875,word21,schwa,-0.0158085
15,F,7,French,0.075875,word21,ae,0.017470563
15,F,7,French,-0.024125,word24,schwa,0.119227081
15,F,7,French,0.275875,word22,ae,0.136505943
15,F,7,French,-0.124125,word18,ae,0.144078256
15,F,7,French,-0.124125,word18,ae,0.167506198
15,F,7,French,-0.624125,word11,ae,0.29819197
15,F,7,French,-1.024125,word16,ae,0.37783105
15,F,7,French,-0.524125,word15,ae,0.663755663
16,M,8,French,0.575875,word25,schwa,-0.421929072
16,M,8,French,0.775875,word28,ae,-0.420806675
16,M,8,French,0.575875,word25,schwa,-0.374602157
16,M,8,French,0.775875,word28,schwa,-0.326387643
16,M,8,French,0.475875,word27,schwa,-0.298403589
16,M,8,French,1.075875,word33,schwa,-0.261810399
16,M,8,French,0.375875,word4,schwa,-0.241383297
16,M,8,French,0.475875,word27,schwa,-0.203307124
16,M,8,French,0.275875,word22,ae,-0.117165282
16,M,8,French,-0.024125,word24,schwa,-0.013337233
16,M,8,French,0.675875,word23,schwa,0.022346883
16,M,8,French,0.475875,word27,ae,0.048886869
16,M,8,French,0.675875,word23,ae,0.049110255
16,M,8,French,0.075875,word21,schwa,0.103413017
16,M,8,French,0.675875,word23,ae,0.174852848
16,M,8,French,1.075875,word33,ae,0.203886729
16,M,8,French,-0.024125,word24,ae,0.343285471
16,M,8,French,-0.224125,word26,ae,0.378543372
16,M,8,French,-0.424125,word17,ae,0.522733185
16,M,8,French,-0.724125,word13,ae,0.532160492
17,M,7,French,0.775875,word28,schwa,-0.655295859
17,M,7,French,-0.224125,word26,ae,-0.628170623
17,M,7,French,0.575875,word25,ae,-0.577909883
17,M,7,French,0.175875,word20,schwa,-0.518983889
17,M,7,French,1.375875,word37,schwa,-0.515926169
17,M,7,French,1.075875,word33,schwa,-0.499323549
17,M,7,French,0.475875,word27,schwa,-0.457689522
17,M,7,French,0.975875,word29,schwa,-0.430957487
17,M,7,French,-0.124125,word18,schwa,-0.397675387
17,M,7,French,-0.324125,word9,schwa,-0.36379283
17,M,7,French,1.075875,word33,schwa,-0.300400983
17,M,7,French,-0.624125,word11,ae,-0.234858348
17,M,7,French,0.675875,word23,ae,-0.145321675
17,M,7,French,0.675875,word23,schwa,-0.089329396
17,M,7,French,0.175875,word20,ae,-0.0717773
17,M,7,French,0.975875,word29,ae,-0.063250973
17,M,7,French,0.075875,word21,ae,-0.050040864
17,M,7,French,0.575875,word25,ae,-0.048026344
17,M,7,French,-0.024125,word24,ae,-0.006019938
17,M,7,French,-0.324125,word9,ae,0.101135701
18,M,9,French,1.175875,word30,schwa,-0.49340273
18,M,9,French,0.775875,word28,ae,-0.476935832
18,M,9,French,0.475875,word27,schwa,-0.423787967
18,M,9,French,0.475875,word27,schwa,-0.376014219
18,M,9,French,0.875875,word31,schwa,-0.356354632
18,M,9,French,0.175875,word20,ae,-0.353494407
18,M,9,French,0.675875,word23,schwa,-0.207804902
18,M,9,French,0.775875,word28,ae,-0.079881039
18,M,9,French,-0.024125,word24,ae,-0.077690705
18,M,9,French,-0.024125,word24,schwa,-0.074075867
18,M,9,French,0.675875,word23,schwa,-0.024241094
18,M,9,French,0.275875,word22,ae,-0.020499895
18,M,9,French,0.375875,word4,schwa,-0.009003216
18,M,9,French,-0.424125,word17,schwa,0.039751279
18,M,9,French,-0.124125,word18,ae,0.039980712
18,M,9,French,0.975875,word29,ae,0.056319666
18,M,9,French,0.975875,word29,schwa,0.056357113
18,M,9,French,0.875875,word31,ae,0.213676466
18,M,9,French,0.875875,word31,ae,0.219542312
18,M,9,French,-0.124125,word18,ae,0.262564663
19,M,9,French,2.475875,word44,schwa,-0.602722684
19,M,9,French,1.075875,word33,schwa,-0.459657321
19,M,9,French,0.775875,word28,schwa,-0.368535575
19,M,9,French,0.375875,word4,schwa,-0.287723395
19,M,9,French,0.975875,word29,schwa,-0.276584059
19,M,9,French,0.975875,word29,ae,-0.25252036
19,M,9,French,0.875875,word31,schwa,-0.242300451
19,M,9,French,0.775875,word28,schwa,-0.237719775
19,M,9,French,0.775875,word28,schwa,-0.206008955
19,M,9,French,0.475875,word27,schwa,-0.153024203
19,M,9,French,2.075875,word40,ae,-0.139911129
19,M,9,French,0.375875,word4,schwa,-0.073452855
19,M,9,French,1.475875,word35,ae,-0.07107861
19,M,9,French,0.575875,word25,ae,0.016819875
19,M,9,French,1.275875,word36,ae,0.017222625
19,M,9,French,0.875875,word31,ae,0.023936663
19,M,9,French,1.175875,word30,ae,0.120429057
19,M,9,French,0.975875,word29,ae,0.133054604
19,M,9,French,0.675875,word23,ae,0.180843566
19,M,9,French,0.075875,word21,ae,0.559215885
20,M,10,French,1.975875,word34,schwa,-0.843418819
20,M,10,French,1.775875,word45,schwa,-0.788976214
20,M,10,French,1.575875,word32,schwa,-0.683901053
20,M,10,French,1.575875,word32,schwa,-0.599608122
20,M,10,French,1.575875,word32,schwa,-0.563437056
20,M,10,French,1.375875,word37,ae,-0.556639661
20,M,10,French,1.375875,word37,ae,-0.433135403
20,M,10,French,1.375875,word37,schwa,-0.252093493
20,M,10,French,1.375875,word37,ae,-0.164549288
20,M,10,French,1.175875,word30,schwa,-0.129272962
20,M,10,French,1.675875,word38,schwa,-0.097763496
20,M,10,French,0.575875,word25,schwa,-0.089637986
20,M,10,French,0.975875,word29,ae,-0.087310815
20,M,10,French,1.375875,word37,schwa,-0.083305707
20,M,10,French,1.175875,word30,ae,0.056004601
20,M,10,French,0.575875,word25,ae,0.064851351
20,M,10,French,1.575875,word32,ae,0.067479346
20,M,10,French,0.675875,word23,ae,0.213491456
20,M,10,French,0.375875,word4,ae,0.500911825
20,M,10,French,0.375875,word4,ae,0.68717659
21,F,10,Mandarin,-1.924125,word43,ae,-0.913046217
21,F,10,Mandarin,-0.724125,word13,schwa,-0.708774056
21,F,10,Mandarin,-0.924125,word19,ae,-0.585840417
21,F,10,Mandarin,-2.524125,word46,ae,-0.558641627
21,F,10,Mandarin,-0.524125,word15,schwa,-0.46767633
21,F,10,Mandarin,-1.224125,word3,schwa,-0.467207201
21,F,10,Mandarin,-0.724125,word13,schwa,-0.3469448
21,F,10,Mandarin,-1.324125,word6,schwa,-0.329470913
21,F,10,Mandarin,-1.824125,word12,schwa,-0.295721532
21,F,10,Mandarin,-1.024125,word16,ae,-0.2865481
21,F,10,Mandarin,-1.324125,word6,schwa,-0.243695126
21,F,10,Mandarin,-2.624125,word47,ae,-0.231202532
21,F,10,Mandarin,-1.424125,word1,schwa,-0.185083096
21,F,10,Mandarin,-1.424125,word1,schwa,-0.182268525
21,F,10,Mandarin,-2.024125,word10,ae,-0.173673702
21,F,10,Mandarin,-1.824125,word12,schwa,-0.171507309
21,F,10,Mandarin,-2.024125,word10,ae,-0.086338646
21,F,10,Mandarin,-1.824125,word12,ae,-0.077586813
21,F,10,Mandarin,-0.924125,word19,ae,-0.062592367
21,F,10,Mandarin,-1.824125,word12,ae,-0.020554691
22,F,10,Mandarin,-0.524125,word15,schwa,-0.668587886
22,F,10,Mandarin,-1.224125,word3,schwa,-0.540108219
22,F,10,Mandarin,-0.624125,word11,ae,-0.479234882
22,F,10,Mandarin,-1.424125,word1,schwa,-0.459633988
22,F,10,Mandarin,-1.124125,word8,schwa,-0.444163945
22,F,10,Mandarin,-0.624125,word11,schwa,-0.38247802
22,F,10,Mandarin,-1.124125,word8,schwa,-0.362668562
22,F,10,Mandarin,-1.424125,word1,ae,-0.345457732
22,F,10,Mandarin,-0.924125,word19,schwa,-0.336379607
22,F,10,Mandarin,-0.524125,word15,schwa,-0.301361303
22,F,10,Mandarin,-0.624125,word11,ae,-0.279554021
22,F,10,Mandarin,-1.524125,word2,ae,-0.254806664
22,F,10,Mandarin,-1.324125,word6,ae,-0.18311467
22,F,10,Mandarin,-0.524125,word15,schwa,-0.11660825
22,F,10,Mandarin,-1.624125,word5,ae,-0.088518878
22,F,10,Mandarin,-0.724125,word13,ae,-0.059649233
22,F,10,Mandarin,-1.224125,word3,schwa,-0.044645271
22,F,10,Mandarin,-1.424125,word1,ae,-0.018823233
22,F,10,Mandarin,-0.824125,word14,ae,0.1102736
22,F,10,Mandarin,-1.424125,word1,ae,0.324994458
23,F,6,Mandarin,-0.324125,word9,ae,-0.543047554
23,F,6,Mandarin,-1.124125,word8,schwa,-0.228897414
23,F,6,Mandarin,-0.624125,word11,schwa,-0.092004608
23,F,6,Mandarin,0.375875,word4,schwa,-0.077847047
23,F,6,Mandarin,-1.024125,word16,schwa,-0.057107024
23,F,6,Mandarin,0.075875,word21,schwa,-0.04312257
23,F,6,Mandarin,-0.824125,word14,schwa,-0.007679616
23,F,6,Mandarin,-0.224125,word26,ae,-0.007066614
23,F,6,Mandarin,-0.924125,word19,ae,0.004443375
23,F,6,Mandarin,-0.424125,word17,schwa,0.022586463
23,F,6,Mandarin,-0.624125,word11,schwa,0.08772178
23,F,6,Mandarin,-0.224125,word26,ae,0.129667152
23,F,6,Mandarin,-0.624125,word11,schwa,0.164926649
23,F,6,Mandarin,-0.824125,word14,schwa,0.193544234
23,F,6,Mandarin,-1.224125,word3,ae,0.265306948
23,F,6,Mandarin,-1.324125,word6,ae,0.284677111
23,F,6,Mandarin,-1.824125,word12,ae,0.349021737
23,F,6,Mandarin,-0.624125,word11,ae,0.49119898
23,F,6,Mandarin,-1.024125,word16,ae,0.552249468
23,F,6,Mandarin,-2.124125,word48,ae,0.607019391
24,F,8,Mandarin,-0.224125,word26,schwa,-0.597194745
24,F,8,Mandarin,-0.224125,word26,schwa,-0.311005863
24,F,8,Mandarin,-0.424125,word17,schwa,-0.304378703
24,F,8,Mandarin,0.375875,word4,schwa,-0.302491847
24,F,8,Mandarin,-0.024125,word24,schwa,-0.258741999
24,F,8,Mandarin,-0.524125,word15,schwa,-0.230347352
24,F,8,Mandarin,-0.724125,word13,schwa,-0.147944464
24,F,8,Mandarin,0.575875,word25,schwa,-0.139496781
24,F,8,Mandarin,-0.524125,word15,schwa,-0.125313517
24,F,8,Mandarin,-0.524125,word15,ae,-0.062420396
24,F,8,Mandarin,0.075875,word21,ae,-0.058505
24,F,8,Mandarin,0.075875,word21,ae,-0.042981687
24,F,8,Mandarin,0.275875,word22,schwa,-0.00911467
24,F,8,Mandarin,-0.824125,word14,ae,-0.008434307
24,F,8,Mandarin,-0.224125,word26,ae,0.072233312
24,F,8,Mandarin,-0.324125,word9,ae,0.087620478
24,F,8,Mandarin,-0.924125,word19,ae,0.133610832
24,F,8,Mandarin,-0.824125,word14,ae,0.231944022
24,F,8,Mandarin,-0.324125,word9,ae,0.372423969
24,F,8,Mandarin,-0.624125,word11,ae,0.389992777
25,F,5,Mandarin,0.175875,word20,schwa,-0.23636155
25,F,5,Mandarin,0.575875,word25,schwa,-0.082277697
25,F,5,Mandarin,0.375875,word4,schwa,-0.066117312
25,F,5,Mandarin,-0.124125,word18,schwa,0.041467431
25,F,5,Mandarin,0.175875,word20,schwa,0.07728755
25,F,5,Mandarin,0.775875,word28,ae,0.175408435
25,F,5,Mandarin,0.075875,word21,schwa,0.27806901
25,F,5,Mandarin,0.175875,word20,schwa,0.282149459
25,F,5,Mandarin,-0.124125,word18,ae,0.407407387
25,F,5,Mandarin,-0.224125,word26,schwa,0.440088409
25,F,5,Mandarin,0.075875,word21,ae,0.564729392
25,F,5,Mandarin,-0.424125,word17,ae,0.566740459
25,F,5,Mandarin,-0.124125,word18,schwa,0.649691743
25,F,5,Mandarin,-0.124125,word18,schwa,0.706066355
25,F,5,Mandarin,-0.424125,word17,ae,0.745524042
25,F,5,Mandarin,-0.024125,word24,ae,0.775812828
25,F,5,Mandarin,-0.524125,word15,ae,0.799209364
25,F,5,Mandarin,-0.524125,word15,ae,0.807949199
25,F,5,Mandarin,-0.624125,word11,ae,1.006829085
25,F,5,Mandarin,-0.524125,word15,ae,1.033044602
26,M,5,Mandarin,0.675875,word23,ae,-0.554988772
26,M,5,Mandarin,0.175875,word20,schwa,-0.414902613
26,M,5,Mandarin,0.475875,word27,schwa,-0.402966665
26,M,5,Mandarin,0.575875,word25,ae,-0.315520226
26,M,5,Mandarin,0.575875,word25,schwa,-0.209279619
26,M,5,Mandarin,-0.124125,word18,schwa,-0.184471486
26,M,5,Mandarin,-0.124125,word18,schwa,-0.094869939
26,M,5,Mandarin,1.175875,word30,ae,-0.082439198
26,M,5,Mandarin,0.075875,word21,schwa,-0.077407136
26,M,5,Mandarin,-0.524125,word15,schwa,0.058780226
26,M,5,Mandarin,0.075875,word21,schwa,0.125251093
26,M,5,Mandarin,0.575875,word25,ae,0.126425265
26,M,5,Mandarin,-0.124125,word18,schwa,0.181110068
26,M,5,Mandarin,-0.324125,word9,ae,0.195425172
26,M,5,Mandarin,-0.124125,word18,ae,0.199432234
26,M,5,Mandarin,-0.424125,word17,ae,0.225938504
26,M,5,Mandarin,-0.324125,word9,schwa,0.286636499
26,M,5,Mandarin,-0.324125,word9,ae,0.289501966
26,M,5,Mandarin,0.175875,word20,ae,0.311175815
26,M,5,Mandarin,-0.224125,word26,ae,0.453997727
27,M,8,Mandarin,1.075875,word33,schwa,-0.009375769
27,M,8,Mandarin,0.475875,word27,schwa,0.018832668
27,M,8,Mandarin,1.075875,word33,ae,0.090551203
27,M,8,Mandarin,1.875875,word39,schwa,0.095987822
27,M,8,Mandarin,0.475875,word27,schwa,0.142034832
27,M,8,Mandarin,-0.424125,word17,schwa,0.160377369
27,M,8,Mandarin,0.775875,word28,schwa,0.221602233
27,M,8,Mandarin,-0.324125,word9,ae,0.238913915
27,M,8,Mandarin,0.275875,word22,ae,0.268223309
27,M,8,Mandarin,0.375875,word4,ae,0.335882687
27,M,8,Mandarin,0.675875,word23,schwa,0.33655364
27,M,8,Mandarin,1.475875,word35,ae,0.347953069
27,M,8,Mandarin,0.075875,word21,schwa,0.366459804
27,M,8,Mandarin,-0.524125,word15,ae,0.414982261
27,M,8,Mandarin,0.475875,word27,schwa,0.474668134
27,M,8,Mandarin,0.875875,word31,schwa,0.582408711
27,M,8,Mandarin,0.375875,word4,ae,0.650171709
27,M,8,Mandarin,0.875875,word31,ae,0.651443827
27,M,8,Mandarin,-0.424125,word17,ae,0.67027948
27,M,8,Mandarin,0.775875,word28,ae,0.797986201
28,M,7,Mandarin,0.275875,word22,schwa,0.267203699
28,M,7,Mandarin,0.675875,word23,schwa,0.391406014
28,M,7,Mandarin,0.575875,word25,schwa,0.394229
28,M,7,Mandarin,0.375875,word4,ae,0.440984345
28,M,7,Mandarin,0.875875,word31,schwa,0.448456528
28,M,7,Mandarin,0.475875,word27,schwa,0.462760879
28,M,7,Mandarin,0.175875,word20,ae,0.556347981
28,M,7,Mandarin,1.575875,word32,schwa,0.568956214
28,M,7,Mandarin,1.175875,word30,ae,0.570697624
28,M,7,Mandarin,1.575875,word32,schwa,0.617301527
28,M,7,Mandarin,0.375875,word4,ae,0.747074898
28,M,7,Mandarin,1.075875,word33,schwa,0.750391927
28,M,7,Mandarin,1.475875,word35,schwa,0.751578448
28,M,7,Mandarin,0.975875,word29,schwa,0.780250461
28,M,7,Mandarin,0.875875,word31,ae,0.789784285
28,M,7,Mandarin,0.375875,word4,ae,0.792753962
28,M,7,Mandarin,0.175875,word20,ae,0.802176517
28,M,7,Mandarin,-0.324125,word9,ae,0.891563073
28,M,7,Mandarin,0.575875,word25,ae,1.008103206
28,M,7,Mandarin,-0.024125,word24,ae,1.22332431
29,M,10,Mandarin,2.075875,word40,ae,0.171340985
29,M,10,Mandarin,1.875875,word39,schwa,0.206187683
29,M,10,Mandarin,0.775875,word28,schwa,0.240574156
29,M,10,Mandarin,1.075875,word33,ae,0.278368781
29,M,10,Mandarin,0.775875,word28,schwa,0.287475436
29,M,10,Mandarin,1.575875,word32,schwa,0.388128572
29,M,10,Mandarin,0.875875,word31,schwa,0.429055134
29,M,10,Mandarin,0.675875,word23,ae,0.447264171
29,M,10,Mandarin,1.275875,word36,ae,0.495202876
29,M,10,Mandarin,1.075875,word33,schwa,0.534428268
29,M,10,Mandarin,0.775875,word28,schwa,0.596282321
29,M,10,Mandarin,1.375875,word37,schwa,0.621693387
29,M,10,Mandarin,1.075875,word33,ae,0.645807411
29,M,10,Mandarin,1.575875,word32,ae,0.696954792
29,M,10,Mandarin,1.475875,word35,schwa,0.739563807
29,M,10,Mandarin,1.275875,word36,schwa,0.753075449
29,M,10,Mandarin,-0.024125,word24,ae,0.818997752
29,M,10,Mandarin,1.075875,word33,ae,0.852747618
29,M,10,Mandarin,1.475875,word35,ae,0.861532461
29,M,10,Mandarin,0.575875,word25,ae,0.941832899
30,M,10,Mandarin,1.375875,word37,schwa,-0.243665665
30,M,10,Mandarin,1.475875,word35,schwa,-0.038534884
30,M,10,Mandarin,1.175875,word30,schwa,0.137061804
30,M,10,Mandarin,1.975875,word34,schwa,0.173265369
30,M,10,Mandarin,1.475875,word35,schwa,0.206790627
30,M,10,Mandarin,0.875875,word31,schwa,0.207398151
30,M,10,Mandarin,1.575875,word32,ae,0.22081141
30,M,10,Mandarin,1.375875,word37,ae,0.224894883
30,M,10,Mandarin,0.875875,word31,schwa,0.317276508
30,M,10,Mandarin,1.775875,word45,ae,0.354390602
30,M,10,Mandarin,1.675875,word38,schwa,0.377777511
30,M,10,Mandarin,0.875875,word31,schwa,0.382715646
30,M,10,Mandarin,1.375875,word37,ae,0.4777434
30,M,10,Mandarin,0.875875,word31,schwa,0.478248834
30,M,10,Mandarin,1.775875,word45,ae,0.571840082
30,M,10,Mandarin,1.075875,word33,ae,0.597924441
30,M,10,Mandarin,0.875875,word31,ae,0.598202182
30,M,10,Mandarin,0.875875,word31,ae,0.607749569
30,M,10,Mandarin,0.975875,word29,ae,0.719196234
30,M,10,Mandarin,0.575875,word25,ae,0.760745509
31,F,9,Japanese,-0.124125,word18,schwa,-1.310953974
31,F,9,Japanese,-0.824125,word14,ae,-0.691770011
31,F,9,Japanese,-1.424125,word1,schwa,-0.505294827
31,F,9,Japanese,-0.824125,word14,schwa,-0.498926102
31,F,9,Japanese,-0.724125,word13,schwa,-0.415726432
31,F,9,Japanese,-1.324125,word6,schwa,-0.192395023
31,F,9,Japanese,-1.124125,word8,schwa,-0.147405169
31,F,9,Japanese,-1.124125,word8,schwa,-0.11618897
31,F,9,Japanese,-1.324125,word6,schwa,-0.093249598
31,F,9,Japanese,-1.724125,word7,schwa,-0.080219428
31,F,9,Japanese,-1.724125,word7,ae,-0.046283798
31,F,9,Japanese,-1.624125,word5,ae,0.053903599
31,F,9,Japanese,-1.624125,word5,schwa,0.13153133
31,F,9,Japanese,-2.524125,word46,ae,0.144591407
31,F,9,Japanese,-1.824125,word12,ae,0.164958889
31,F,9,Japanese,-2.024125,word10,ae,0.17213294
31,F,9,Japanese,-1.024125,word16,ae,0.179639673
31,F,9,Japanese,-2.124125,word48,ae,0.182276861
31,F,9,Japanese,-2.224125,word42,ae,0.349169639
31,F,9,Japanese,-2.124125,word48,ae,0.490752351
32,F,7,Japanese,-0.924125,word19,schwa,-0.266557388
32,F,7,Japanese,-1.124125,word8,schwa,-0.207834036
32,F,7,Japanese,-1.824125,word12,ae,-0.164986603
32,F,7,Japanese,-0.824125,word14,schwa,-0.158994449
32,F,7,Japanese,-0.824125,word14,schwa,-0.093894106
32,F,7,Japanese,-0.324125,word9,schwa,0.01720794
32,F,7,Japanese,-0.124125,word18,schwa,0.040665135
32,F,7,Japanese,-0.824125,word14,schwa,0.042964018
32,F,7,Japanese,-1.824125,word12,schwa,0.10022881
32,F,7,Japanese,-1.024125,word16,schwa,0.178286272
32,F,7,Japanese,-1.824125,word12,ae,0.208818207
32,F,7,Japanese,-1.224125,word3,schwa,0.263108602
32,F,7,Japanese,-1.624125,word5,ae,0.264374948
32,F,7,Japanese,-0.524125,word15,ae,0.327388431
32,F,7,Japanese,-0.924125,word19,ae,0.351701368
32,F,7,Japanese,-1.124125,word8,ae,0.355757179
32,F,7,Japanese,-1.224125,word3,ae,0.362576522
32,F,7,Japanese,-1.424125,word1,ae,0.435773097
32,F,7,Japanese,-0.724125,word13,ae,0.437972826
32,F,7,Japanese,-2.124125,word48,ae,0.456463492
33,F,5,Japanese,-0.324125,word9,schwa,-0.450289912
33,F,5,Japanese,-0.424125,word17,schwa,-0.314640729
33,F,5,Japanese,-0.824125,word14,schwa,-0.258194741
33,F,5,Japanese,-0.324125,word9,schwa,-0.162643382
33,F,5,Japanese,-0.424125,word17,schwa,-0.096894879
33,F,5,Japanese,-0.124125,word18,schwa,-0.089986279
33,F,5,Japanese,-1.124125,word8,schwa,-0.061308652
33,F,5,Japanese,-0.724125,word13,ae,-0.038670952
33,F,5,Japanese,-1.524125,word2,schwa,-0.018467685
33,F,5,Japanese,-0.924125,word19,schwa,0.023013022
33,F,5,Japanese,-0.924125,word19,ae,0.027824903
33,F,5,Japanese,-1.024125,word16,ae,0.06239244
33,F,5,Japanese,-1.124125,word8,ae,0.071506716
33,F,5,Japanese,-0.324125,word9,schwa,0.114570303
33,F,5,Japanese,-0.824125,word14,ae,0.152232944
33,F,5,Japanese,-0.424125,word17,ae,0.203624936
33,F,5,Japanese,0.275875,word22,ae,0.230657736
33,F,5,Japanese,-0.224125,word26,ae,0.249684573
33,F,5,Japanese,-0.624125,word11,ae,0.396041406
33,F,5,Japanese,-1.324125,word6,ae,0.501786006
34,F,7,Japanese,-0.424125,word17,schwa,-0.675380163
34,F,7,Japanese,-0.924125,word19,schwa,-0.616425675
34,F,7,Japanese,0.175875,word20,schwa,-0.568557998
34,F,7,Japanese,-0.224125,word26,schwa,-0.545620419
34,F,7,Japanese,-0.424125,word17,schwa,-0.434886259
34,F,7,Japanese,-0.424125,word17,ae,-0.425665955
34,F,7,Japanese,-0.124125,word18,schwa,-0.376261026
34,F,7,Japanese,-1.324125,word6,schwa,-0.35762064
34,F,7,Japanese,-0.224125,word26,schwa,-0.296382268
34,F,7,Japanese,-0.624125,word11,schwa,-0.266744
34,F,7,Japanese,-0.224125,word26,schwa,-0.221948193
34,F,7,Japanese,-0.224125,word26,ae,-0.202588232
34,F,7,Japanese,0.675875,word23,ae,-0.137960843
34,F,7,Japanese,-0.424125,word17,ae,-0.128240636
34,F,7,Japanese,-0.424125,word17,ae,-0.114254455
34,F,7,Japanese,-1.224125,word3,ae,-0.107423609
34,F,7,Japanese,-0.924125,word19,ae,-0.090317339
34,F,7,Japanese,-0.324125,word9,ae,-0.071589769
34,F,7,Japanese,-0.224125,word26,ae,0.140283432
34,F,7,Japanese,-1.424125,word1,ae,0.150942428
35,F,9,Japanese,-0.124125,word18,schwa,-0.469192713
35,F,9,Japanese,0.075875,word21,schwa,-0.359899954
35,F,9,Japanese,-0.124125,word18,schwa,-0.313322593
35,F,9,Japanese,-0.324125,word9,ae,-0.312668353
35,F,9,Japanese,0.075875,word21,schwa,-0.274466996
35,F,9,Japanese,0.375875,word4,schwa,-0.240001029
35,F,9,Japanese,-0.224125,word26,schwa,-0.219107235
35,F,9,Japanese,-1.224125,word3,schwa,-0.217569925
35,F,9,Japanese,-0.624125,word11,ae,-0.18720008
35,F,9,Japanese,-0.224125,word26,schwa,-0.139954584
35,F,9,Japanese,0.675875,word23,schwa,-0.133382564
35,F,9,Japanese,-0.624125,word11,ae,-0.091510057
35,F,9,Japanese,0.575875,word25,ae,-0.051935121
35,F,9,Japanese,0.075875,word21,ae,-0.017138258
35,F,9,Japanese,-0.024125,word24,ae,-0.00529625
35,F,9,Japanese,-0.024125,word24,ae,0.046295992
35,F,9,Japanese,0.075875,word21,ae,0.070837971
35,F,9,Japanese,-0.424125,word17,ae,0.135751907
35,F,9,Japanese,-0.224125,word26,ae,0.231503453
35,F,9,Japanese,-1.524125,word2,ae,0.662727802
36,M,5,Japanese,0.475875,word27,schwa,-0.512969698
36,M,5,Japanese,0.375875,word4,schwa,-0.442968988
36,M,5,Japanese,1.275875,word36,schwa,-0.417270764
36,M,5,Japanese,0.475875,word27,ae,-0.346058622
36,M,5,Japanese,0.175875,word20,schwa,-0.263204332
36,M,5,Japanese,0.375875,word4,schwa,-0.257022888
36,M,5,Japanese,0.875875,word31,schwa,-0.189730294
36,M,5,Japanese,0.075875,word21,ae,-0.153183279
36,M,5,Japanese,-0.224125,word26,schwa,-0.123783025
36,M,5,Japanese,0.975875,word29,schwa,0.004877763
36,M,5,Japanese,0.175875,word20,ae,0.009316941
36,M,5,Japanese,0.975875,word29,schwa,0.024456913
36,M,5,Japanese,-0.424125,word17,schwa,0.070728917
36,M,5,Japanese,-0.624125,word11,ae,0.117832588
36,M,5,Japanese,-0.124125,word18,ae,0.191164191
36,M,5,Japanese,0.375875,word4,ae,0.195232606
36,M,5,Japanese,-0.224125,word26,ae,0.327325325
36,M,5,Japanese,-0.624125,word11,ae,0.347695658
36,M,5,Japanese,-0.524125,word15,ae,0.387067015
36,M,5,Japanese,-0.424125,word17,ae,0.529758469
37,M,9,Japanese,1.775875,word45,schwa,-0.12623567
37,M,9,Japanese,1.375875,word37,ae,-0.000149879
37,M,9,Japanese,1.275875,word36,schwa,0.128660309
37,M,9,Japanese,0.375875,word4,schwa,0.236673425
37,M,9,Japanese,0.775875,word28,schwa,0.3069989
37,M,9,Japanese,1.275875,word36,schwa,0.316115545
37,M,9,Japanese,0.275875,word22,schwa,0.551297565
37,M,9,Japanese,0.675875,word23,schwa,0.654845165
37,M,9,Japanese,-0.124125,word18,schwa,0.683157797
37,M,9,Japanese,0.875875,word31,schwa,0.713583762
37,M,9,Japanese,0.575875,word25,ae,0.720882778
37,M,9,Japanese,-0.224125,word26,schwa,0.762342449
37,M,9,Japanese,0.375875,word4,ae,0.80606439
37,M,9,Japanese,0.375875,word4,ae,0.831570123
37,M,9,Japanese,0.375875,word4,ae,0.839936694
37,M,9,Japanese,0.575875,word25,ae,0.884032693
37,M,9,Japanese,-0.324125,word9,ae,0.965225752
37,M,9,Japanese,-0.024125,word24,ae,0.998259753
37,M,9,Japanese,-0.024125,word24,ae,1.190824482
37,M,9,Japanese,-0.024125,word24,ae,1.314940712
38,M,10,Japanese,1.175875,word30,ae,-0.712515745
38,M,10,Japanese,1.075875,word33,schwa,-0.470084995
38,M,10,Japanese,0.575875,word25,schwa,-0.433885902
38,M,10,Japanese,0.575875,word25,schwa,-0.396865302
38,M,10,Japanese,1.475875,word35,schwa,-0.373641371
38,M,10,Japanese,0.375875,word4,schwa,-0.37147695
38,M,10,Japanese,-0.424125,word17,schwa,-0.333455152
38,M,10,Japanese,1.275875,word36,schwa,-0.294705017
38,M,10,Japanese,0.275875,word22,schwa,-0.291646634
38,M,10,Japanese,1.075875,word33,schwa,-0.267059014
38,M,10,Japanese,0.475875,word27,schwa,-0.222370576
38,M,10,Japanese,0.375875,word4,ae,-0.202544783
38,M,10,Japanese,1.875875,word39,ae,-0.195958281
38,M,10,Japanese,1.375875,word37,ae,-0.178353426
38,M,10,Japanese,0.675875,word23,ae,-0.116763909
38,M,10,Japanese,0.475875,word27,ae,0.02353017
38,M,10,Japanese,-0.624125,word11,ae,0.069224139
38,M,10,Japanese,1.575875,word32,ae,0.079851577
38,M,10,Japanese,1.275875,word36,ae,0.094110267
38,M,10,Japanese,0.375875,word4,ae,0.243711923
39,M,9,Japanese,1.775875,word45,schwa,0.635566317
39,M,9,Japanese,1.775875,word45,schwa,0.690449002
39,M,9,Japanese,1.075875,word33,schwa,0.693654534
39,M,9,Japanese,0.575875,word25,schwa,0.891219976
39,M,9,Japanese,1.375875,word37,schwa,0.897038955
39,M,9,Japanese,1.175875,word30,schwa,0.925783646
39,M,9,Japanese,0.275875,word22,schwa,0.994260075
39,M,9,Japanese,1.575875,word32,schwa,1.061984598
39,M,9,Japanese,0.575875,word25,schwa,1.139361829
39,M,9,Japanese,0.675875,word23,schwa,1.146370548
39,M,9,Japanese,1.075875,word33,ae,1.168667133
39,M,9,Japanese,0.575875,word25,ae,1.186910278
39,M,9,Japanese,0.875875,word31,ae,1.191684526
39,M,9,Japanese,1.175875,word30,ae,1.285622989
39,M,9,Japanese,0.975875,word29,ae,1.330051459
39,M,9,Japanese,0.875875,word31,ae,1.389989705
39,M,9,Japanese,0.975875,word29,ae,1.39964049
39,M,9,Japanese,0.375875,word4,ae,1.436657403
39,M,9,Japanese,0.775875,word28,ae,1.463743932
39,M,9,Japanese,0.775875,word28,ae,1.519088108
40,M,9,Japanese,2.175875,word41,schwa,-0.168157554
40,M,9,Japanese,1.875875,word39,schwa,0.032616406
40,M,9,Japanese,1.575875,word32,schwa,0.173671809
40,M,9,Japanese,1.775875,word45,schwa,0.291198099
40,M,9,Japanese,1.075875,word33,schwa,0.397424919
40,M,9,Japanese,1.675875,word38,ae,0.41886993
40,M,9,Japanese,1.475875,word35,schwa,0.426690123
40,M,9,Japanese,0.875875,word31,ae,0.463004813
40,M,9,Japanese,1.575875,word32,schwa,0.469471301
40,M,9,Japanese,1.575875,word32,schwa,0.481547962
40,M,9,Japanese,2.175875,word41,ae,0.532721309
40,M,9,Japanese,1.475875,word35,schwa,0.568029308
40,M,9,Japanese,0.975875,word29,ae,0.591725851
40,M,9,Japanese,1.275875,word36,schwa,0.608574042
40,M,9,Japanese,1.275875,word36,ae,0.665787524
40,M,9,Japanese,1.075875,word33,ae,0.769099519
40,M,9,Japanese,1.175875,word30,ae,0.90712175
40,M,9,Japanese,1.375875,word37,ae,0.907982789
40,M,9,Japanese,0.175875,word20,ae,1.197401066
40,M,9,Japanese,0.575875,word25,ae,1.299023643
